{
    "stores": [
        {
            "store": "claires",
            "products": [
                {
                    "productId": "1",
                    "name": "Best Friends Cat Donut Pendant Necklaces - 3 Pack",
                    "rating": 3.3,
                    "ratingsCount": 3,
                    "price": 2.00,
                    "originalPrice": 14.99,
                    "savings": 12.99,
                    "color": "Gold-tone",
                    "brand": "Claire's",
                    "category": "Jewelry",
                    "type": "Necklace",
                    "theme": ["Best Friends", "Cats", "Donuts"],
                    "keyFeatures": [
                        "Three-pack includes three cat-shaped donut pendants",
                        "Each pendant is accented by a 'BFF' dangle charm",
                        "Perfect for best friends",
                        "Pack Size: 3",
                        "Finish: Gold-tone",
                        "Length: 16 + 3 in. extender / 40.64 + 7.62 cm extender",
                        "Closure: Lobster clasp",
                        "Material: Plastic"
                    ],
                    "shipping": "Available (Get it by Tue, Feb 18)",
                    "pickup": "Not Available",
                    "discountType": "Limited Time Only",
                    "installmentPlan": "4 interest-free payments of $0.50 with Klarna"
                },
                {
                    "productId": "2",
                    "name": "Uptown Pastel Flower Charm Pendant Necklace",
                    "rating": 0.0,
                    "ratingsCount": 0,
                    "price": 2.00,
                    "originalPrice": 9.99,
                    "savings": 7.99,
                    "color": "Gold-tone",
                    "brand": "Claire's",
                    "category": "Jewelry",
                    "type": "Necklace",
                    "theme": ["Flowers", "Pastel"],
                    "keyFeatures": [
                        "Gold-tone design with a row of matte flowers, a faux pearl, and a faux crystal",
                        "Finish: Gold-tone",
                        "Length: 16 + 3 in. extender / 40.64 + 7.62 cm extender",
                        "Closure: Lobster clasp",
                        "Material: Plastic"
                    ],
                    "shipping": "Available (Get it by Tue, Feb 18)",
                    "pickup": "Ready in 2-4 hrs",
                    "discountType": "Limited Time Only",
                    "installmentPlan": "4 interest-free payments of $0.50 with Klarna"
                },
                {
                    "productId": "3",
                    "name": "Crystal Butterfly Silver-tone Y-Neck Necklace",
                    "rating": 0.0,
                    "ratingsCount": 0,
                    "price": 16.99,
                    "originalPrice": null,
                    "savings": null,
                    "color": "Silver-tone",
                    "brand": "Claire's",
                    "category": "Jewelry",
                    "type": "Necklace",
                    "theme": ["Butterfly", "Crystal"],
                    "keyFeatures": [
                        "Dainty butterfly necklace with glass crystals",
                        "Finish: Silver-tone",
                        "Length: 16 + 3 in. extender / 40.64 + 7.62 cm extender",
                        "Closure: Lobster clasp",
                        "Material: Metal, Glass",
                        "Style Number: 11029"
                    ],
                    "shipping": "Available (Get it by Tue, Feb 18)",
                    "pickup": "Ready in 2-4 hrs",
                    "installmentPlan": "4 interest-free payments of $4.24 with Klarna"
                },
                {
                    "productId": "4",
                    "name": "Pink Dinosaur Plush Keychain",
                    "rating": 0.0,
                    "ratingsCount": 0,
                    "price": 9.99,
                    "originalPrice": null,
                    "savings": null,
                    "color": "Pink",
                    "brand": "Claire's",
                    "category": "Accessories",
                    "type": "Keychain",
                    "theme": ["Dinosaur", "Plush"],
                    "keyFeatures": [
                        "Attached clip for easy attachment",
                        "Plush, pink dinosaur design",
                        "Length: 4 in. / 10.16 cm",
                        "Material: Metal, Plastic",
                        "Style Number: 59379"
                    ],
                    "shipping": "Available (Get it by Tue, Feb 18)",
                    "pickup": "Ready in 2-4 hrs",
                    "installmentPlan": "4 interest-free payments of $2.49 with Klarna"
                },
                {
                    "productId": "5",
                    "name": "Pink Heart Make-It-Yourself Bead Kit",
                    "rating": 3.0,
                    "ratingsCount": 2,
                    "price": 19.99,
                    "originalPrice": null,
                    "savings": null,
                    "color": "Pink",
                    "brand": "Claire's",
                    "category": "Toys & Crafts",
                    "type": "Bead Kit",
                    "theme": ["DIY", "Jewelry Making"],
                    "keyFeatures": [
                        "Includes a variety of different color beads, alphabet beads, and other jewelry-making accessories",
                        "Material: Plastic"
                    ],
                    "shipping": "Available (Get it by Tue, Feb 18)",
                    "pickup": "Not Available",
                    "installmentPlan": "4 interest-free payments of $4.99 with Klarna"
                },
                {
                    "productId": "6",
                    "name": "Blue Daisy Lace Hair Bow",
                    "rating": 0.0,
                    "ratingsCount": 0,
                    "price": 14.99,
                    "originalPrice": null,
                    "savings": null,
                    "color": "Blue",
                    "brand": "Claire's",
                    "category": "Hair Accessories",
                    "type": "Hair Bow",
                    "theme": ["Daisy", "Lace"],
                    "keyFeatures": [
                        "Large lace hair bow with daisy patterns",
                        "Length: 11 in. / 27.94 cm",
                        "Closure: Barrette clip",
                        "Material: Polyester, Metal"
                    ],
                    "shipping": "Available (Get it by Tue, Feb 18)",
                    "pickup": "Ready in 2-4 hrs",
                    "installmentPlan": "4 interest-free payments of $3.74 with Klarna"
                },
                {
                    "productId": "7",
                    "name": "Valentine's Day Sweet Heart Mini Tumbler",
                    "rating": 0.0,
                    "ratingsCount": 0,
                    "price": 8.99,
                    "originalPrice": 14.99,
                    "savings": 6.00,
                    "color": null,
                    "brand": "Claire's",
                    "category": "Drinkware",
                    "type": "Tumbler",
                    "theme": ["Valentine's Day", "Sweet Heart"],
                    "keyFeatures": [
                        "Straw and lid included",
                        "Closure: Screw top",
                        "For cold beverages only",
                        "Hand wash",
                        "Material: Plastic"
                    ],
                    "shipping": "Available (Get it by Wed, Feb 19)",
                    "pickup": "Ready in 2-4 hrs",
                    "discountType": "40% OFF SELECTED VALENTINE'S DAY",
                    "installmentPlan": "4 interest-free payments of $2.24 with Klarna"
                },
                {
                    "productId": "8",
                    "name": "Easter Bunny & Eggs Round Press On Faux Nail Set - 24 Pack",
                    "rating": 0.0,
                    "ratingsCount": 0,
                    "price": 5.00,
                    "originalPrice": 9.99,
                    "savings": 4.99,
                    "color": "Pastel Multi",
                    "brand": "Claire's",
                    "category": "Beauty",
                    "type": "Press On Nails",
                    "theme": ["Easter", "Bunny", "Eggs", "Spring"],
                    "keyFeatures": [
                        "Round-shaped press-on nails",
                        "Pastel Easter-inspired designs including bunnies, eggs, and floral patterns",
                        "Easy to apply - just press on and go!",
                        "Pack Size: 24",
                        "Material: Plastic",
                        "Sized for smaller nailbeds"
                    ],
                    "shipping": "Available (Get it by Wed, Mar 12)",
                    "pickup": "Not Available",
                    "discountType": "Limited Time Only",
                    "installmentPlan": "4 interest-free payments of $1.25 with Klarna"
                },
                {
                    "productId": "9",
                    "name": "Pastel Butterfly 3D Coffin Press On Vegan Faux Nail Set - 24 Pack",
                    "rating": 3.0,
                    "ratingsCount": 3,
                    "price": 5.00,
                    "originalPrice": 14.99,
                    "savings": 9.99,
                    "color": "Pastel Multi",
                    "brand": "Claire's",
                    "category": "Beauty",
                    "type": "Press On Nails",
                    "theme": ["Spring", "Butterfly", "Vegan"],
                    "keyFeatures": [
                        "Coffin-shaped press-on nails",
                        "Pastel gradient design",
                        "3D butterfly decorations",
                        "Easy to apply - just press on and go!",
                        "Pack Size: 24",
                        "Vegan",
                        "Sized for smaller nailbeds"
                    ],
                    "shipping": "Available (Get it by Wed, Mar 12)",
                    "pickup": "Not Available",
                    "discountType": "Limited Time Only",
                    "installmentPlan": "4 interest-free payments of $1.25 with Klarna"
                },
                {
                    "productId": "10",
                    "name": "Yellow Daisy Paddle Hair Brush",
                    "rating": 0.0,
                    "ratingsCount": 0,
                    "price": 12.99,
                    "originalPrice": null,
                    "savings": null,
                    "color": "Yellow",
                    "brand": "Claire's",
                    "category": "Beauty",
                    "type": "Hair Brush",
                    "theme": ["Floral", "Daisy", "Spring"],
                    "keyFeatures": [
                        "Paddle brush design",
                        "Bright yellow with daisy floral print",
                        "Material: Plastic",
                        "Style Number: 76329"
                    ],
                    "shipping": "Available (Get it by Wed, Mar 12)",
                    "pickup": "Ready in 2-4 hrs",
                    "discountType": "Buy 3 Get 3 Everything",
                    "installmentPlan": "4 interest-free payments of $3.24 with Klarna"
                }
            ]
        },

        {
            "store": "pacsun",
            "products": [
                {
                    "productId": "1",
                    "name": "WWE RAW Triple H Expansion T-Shirt",
                    "rating": 5.0,
                    "ratingsCount": 2,
                    "price": 40.00,
                    "color": "Washed Black",
                    "brand": "WWE x PacSun",
                    "category": "Clothing",
                    "type": "T-Shirt",
                    "theme": "Wrestling, Triple H",
                    "keyFeatures": [
                    "PacSun Exclusive",
                    "Vintage wash",
                    "Short sleeves",
                    "Crew neckline",
                    "Standard fit",
                    "Front and back graphics",
                    "Machine washable"
                    ],
                    "shipping": "Available",
                    "pickup": "Free Store Pickup (Enter Zip Code)",
                    "delivery": "Not provided",
                    "installmentPlan": "Pay in 4 interest-free payments of $10.00 with PayPal or Afterpay",
                    "specialOffer": "Trending Now: 163 views in past 24 hours",
                    "sku": "0097603260493"
                },
                {
                    "productId": "2",
                    "name": "PacSun Blue Collegiate 6.5\" Swim Trunks",
                    "rating": 0.0,
                    "ratingsCount": 2,
                    "price": 32.95,
                    "color": "Blue",
                    "brand": "PacSun",
                    "category": "Clothing",
                    "type": "Swim Trunks",
                    "theme": "Summer, Beachwear",
                    "keyFeatures": [
                    "Elastic stretch waistline",
                    "Adjustable drawstrings",
                    "Side pockets",
                    "Single back pocket",
                    "Standard fit",
                    "Full mesh lining",
                    "PacSun branding",
                    "6.5” Inseam",
                    "11” Outseam"
                    ],
                    "shipping": "Available",
                    "pickup": "Free Store Pickup (Enter Zip Code)",
                    "delivery": "Not provided",
                    "installmentPlan": "Pay in 4 interest-free payments of $8.24 with PayPal or Afterpay",
                    "sku": "Not provided"
                },
                {
                "productId": "3",
                "name": "LA Hearts Marley Button Down Cardigan",
                "rating": 3.0,
                "ratingsCount": 1,
                "price": 29.65,
                "originalPrice": 32.95,
                "savings": 3.30,
                "color": "Pink",
                "brand": "LA Hearts",
                "category": "Clothing",
                "type": "Cardigan",
                "theme": ["Casual", "Cozy"],
                "keyFeatures": [
                    "Soft knit fabric",
                    "Crew neckline",
                    "Long sleeves",
                    "Button-down front closure",
                    "Ribbed trimming",
                    "Slightly cropped length",
                    "50% rayon, 30% polyester, 20% nylon",
                    "Hand wash"
                ],
                "deliveryAndPickup": {
                    "shipping": "Available",
                    "pickup": "Free Store Pickup (Enter Zip Code)"
                },
                "additionalFeatures": {
                    "installmentPlan": "Pay in 4 interest-free payments of $7.41 with PayPal or Afterpay",
                    "specialOffer": "Trending Now: 1247 views in past 24 hours",
                    "sku": "0740609850020"
                }
                },
                {
                "productId": "4",
                "name": "LA Hearts Remi Pullover Sweater",
                "rating": 5.0,
                "ratingsCount": 1,
                "price": 35.96,
                "originalPrice": 44.95,
                "savings": 9.00,
                "color": "Mellow Yellow",
                "brand": "LA Hearts",
                "category": "Clothing",
                "type": "Sweater",
                "theme": ["Casual", "Cozy"],
                "keyFeatures": [
                    "Mixed open-knit fabric",
                    "Crew neckline",
                    "Long sleeves with dropped shoulders",
                    "Rolled hems",
                    "Oversized boxy fit",
                    "60% cotton, 40% polyester",
                    "Model is wearing a size XS"
                ],
                "deliveryAndPickup": {
                    "shipping": "Available",
                    "pickup": "Free Store Pickup (Enter Zip Code)"
                },
                "additionalFeatures": {
                    "installmentPlan": "Pay in 4 interest-free payments of $8.99 with PayPal or Afterpay",
                    "specialOffer": "Trending Now: 586 views in past 24 hours",
                    "sku": "0740609850012"
                }
                },
                {
                "productId": "5",
                "name": "PacSun Casey Low Rise Baggy Jeans Black",
                "rating": 0.0,
                "ratingsCount": 0,
                "price": 59.95,
                "color": "Black",
                "brand": "PacSun",
                "category": "Clothing",
                "type": "Jeans",
                "theme": ["Casual", "Streetwear"],
                "keyFeatures": [
                    "Low-rise fit",
                    "Baggy fit",
                    "Wide leg opening",
                    "Ultra-slouchy relaxed full-length leg",
                    "Relaxed slouchy fit throughout",
                    "9.125\" rise",
                    "33\" inseam",
                    "31\" short inseam",
                    "22.25\" leg opening",
                    "Made with sustainably sourced cotton"
                ],
                "deliveryAndPickup": {
                    "shipping": "Available",
                    "pickup": "Free Store Pickup (Enter Zip Code)"
                },
                "additionalFeatures": {
                    "installmentPlan": "Pay in 4 interest-free payments of $14.99 with PayPal or Afterpay",
                    "specialOffer": "Trending Now: 583 views in past 24 hours",
                    "sku": "0860604890149"
                }
                },
                {
                    "productId": "6",
                    "name": "FORD Varsity Stripe Logo Sweater",
                    "rating": 0.0,
                    "ratingsCount": 0,
                    "price": 65.0,
                    "color": "Cream",
                    "brand": "Ford x PacSun",
                    "category": "Clothing",
                    "type": "Sweater",
                    "theme": "Varsity, College Inspired",
                    "keyFeatures": [
                        "PacSun Exclusive",
                        "Solid color sweater",
                        "Knit fabric",
                        "Long sleeves",
                        "Dropped shoulders",
                        "Crew neckline",
                        "Ford logo jacquard front detail",
                        "Varsity stripes on sleeves",
                        "Ribbed trimming",
                        "Machine washable"
                    ],
                    "deliveryAndPickup": {
                        "shipping": "Available",
                        "pickup": "Free Store Pickup (Enter Zip Code)"
                    },
                    "additionalFeatures": {
                        "installmentPlan": "Pay in 4 interest-free payments of $16.25 with PayPal or Afterpay",
                        "specialOffer": "PacSun Exclusive!",
                        "sku": "0128603260002"
                    }
                },
                {
                    "productId": "7",
                    "name": "PacSun Grand Hollywood Cropped Sweater",
                    "rating": 0.0,
                    "ratingsCount": 0,
                    "price": 41.29,
                    "originalPrice": 58.99,
                    "savings": 17.7,
                    "color": "Lavender",
                    "brand": "PacSun",
                    "category": "Clothing",
                    "type": "Sweater",
                    "theme": "Hollywood, Retro",
                    "keyFeatures": [
                        "Solid color sweater",
                        "Knit fabric",
                        "Long sleeves",
                        "Dropped shoulders",
                        "Jacquard graphics",
                        "Ribbed trimming",
                        "Cropped fit",
                        "100% acrylic"
                    ],
                    "deliveryAndPickup": {
                        "shipping": "Available",
                        "pickup": "Free Store Pickup (Enter Zip Code)"
                    },
                    "additionalFeatures": {
                        "installmentPlan": "Pay in 4 interest-free payments of $10.33 with PayPal or Afterpay",
                        "specialOffer": "30% Off Markdown",
                        "sku": "0128609850006"
                    }
                },
                {
                    "productId": "8",
                    "name": "LA Hearts Star Heart Drop Earrings",
                    "rating": 0.0,
                    "ratingsCount": 2,
                    "price": 8.00,
                    "originalPrice": null,
                    "savings": null,
                    "color": "Silver",
                    "brand": "LA Hearts",
                    "category": "Jewelry",
                    "type": "Earrings",
                    "theme": "Star, Heart, Minimalist",
                    "keyFeatures": [
                        "Star stud with drop heart charm",
                        "Post back closure",
                        "Silver finish",
                        "Lightweight and stylish"
                    ],
                    "deliveryAndPickup": {
                        "shipping": "Available",
                        "pickup": "Free Store Pickup (Enter Zip Code)"
                    },
                    "additionalFeatures": {
                        "installmentPlan": "Pay in 4 interest-free payments with PayPal",
                        "specialOffer": "Earn $5.80 credit by paying with Catch",
                        "sku": "0656603660213"
                    }
                },
                {
                    "productId": "9",
                    "name": "Edikted Halley Faux Leather Bomber Jacket",
                    "rating": 0.0,
                    "ratingsCount": 0,
                    "price": 131.20,
                    "originalPrice": null,
                    "savings": null,
                    "color": "Red",
                    "brand": "Edikted",
                    "category": "Clothing",
                    "type": "Jacket",
                    "theme": "Bomber, Faux Leather, Streetwear",
                    "keyFeatures": [
                        "Bomber jacket style",
                        "Classic collar",
                        "Made of faux leather",
                        "Elasticated cuffs and hem",
                        "Model wears size S",
                        "Model height is 5'8\"",
                        "Item care: Hand wash"
                    ],
                    "deliveryAndPickup": {
                        "shipping": "Available",
                        "pickup": "Not specified"
                    },
                    "additionalFeatures": {
                        "installmentPlan": "Pay in 4 interest-free payments of $32.80 with PayPal or Afterpay",
                        "specialOffer": "Earn $18.12 credit by paying with Catch",
                        "sku": "Not provided"
                    }
                },
                {
                    "productId": "10",
                    "name": "PacSun Gray Blouson Jacket",
                    "rating": 5.0,
                    "ratingsCount": 2,
                    "price": 56.69,
                    "originalPrice": 80.99,
                    "savings": 24.30,
                    "color": "Gray",
                    "brand": "PacSun",
                    "category": "Clothing",
                    "type": "Jacket",
                    "theme": "Casual, Streetwear, Unisex",
                    "keyFeatures": [
                        "Solid color jacket",
                        "Long sleeves",
                        "Dropped shoulders",
                        "Collar",
                        "Double zipper front closure",
                        "Adjustable back button tabs",
                        "Relaxed fit",
                        "59% polyester, 31% cotton, 7% rayon, 3% other fibers; Lining: 100% polyester",
                        "Machine washable",
                        "Model is wearing a size medium",
                        "Model measurements: 6’1” Height, 30” Waist, 35” Hips"
                    ],
                    "deliveryAndPickup": {
                        "shipping": "Available",
                        "pickup": "Free Store Pickup (Enter Zip Code)"
                    },
                    "additionalFeatures": {
                        "installmentPlan": "Pay in 4 interest-free payments of $14.18 with PayPal or Afterpay",
                        "specialOffer": "30% Off Markdown",
                        "sku": "0201600660025"
                    }
                }
                
            ]
        },
        {
            "store": "americaneagle",
            "products": [
                {
                    "productId": "1",
                    "name": "AE77 Premium Lady Cardigan",
                    "rating": null,
                    "ratingsCount": null,
                    "price": 128.00,
                    "color": "Charcoal",
                    "brand": "AE77",
                    "category": "Clothing",
                    "type": "Cardigan",
                    "theme": "Classic, Parisian",
                    "keyFeatures": [
                    "Knit in a jersey stitch with an extra-fine merino wool blend boucle",
                    "Crew neck",
                    "Mother of Pearl button closure",
                    "67% Extra Fine Merino Wool, 33% Polyamide",
                    "Dry clean",
                    "Imported"
                    ],
                    "deliveryAndPickup": {
                    "shipping": "Available",
                    "pickup": "Not specified"
                    },
                    "additionalFeatures": {
                    "installmentPlan": "Pay in 4 interest-free payments of $32.00 with Afterpay",
                    "specialOffer": "Excluded from promotion",
                    "sku": "3428-4405"
                    }
                },
                {
                    "productId": "2",
                    "name": "AE77 Premium Cashmere Sweater",
                    "rating": null,
                    "ratingsCount": null,
                    "price": 198.00,
                    "color": "Multi",
                    "brand": "AE77",
                    "category": "Clothing",
                    "type": "Sweater",
                    "theme": "Luxury, Timeless",
                    "keyFeatures": [
                    "Super soft Italian cashmere blend",
                    "12-gauge jersey stitch",
                    "Crew neck",
                    "Ribbed cuffs & hem",
                    "70% Cashmere, 30% Recycled Cashmere",
                    "Dry clean",
                    "Imported"
                    ],
                    "deliveryAndPickup": {
                    "shipping": "Available",
                    "pickup": "Not specified"
                    },
                    "additionalFeatures": {
                    "installmentPlan": "Pay in 4 interest-free payments of $49.50 with Afterpay",
                    "specialOffer": "Excluded from promotion",
                    "sku": "3428-4473"
                    }
                },
                {
                    "productId": "3",
                    "name": "AE77 Premium Fleece Hoodie",
                    "rating": null,
                    "ratingsCount": null,
                    "price": 98.00,
                    "color": "Yellow",
                    "brand": "AE77",
                    "category": "Clothing",
                    "type": "Hoodie",
                    "theme": "Vintage, Casual",
                    "keyFeatures": [
                    "Made from 440gsm fleece",
                    "Heather gray fabric with a gently worn-in wash",
                    "Cut on the reverse grain for an authentic vintage look",
                    "Perfectly shaped 1-piece hood",
                    "Ribbed hem & cuffs",
                    "Signature 77 embroidery logo",
                    "79% Cotton, 21% Polyester",
                    "Machine wash, lay flat to dry",
                    "Imported"
                    ],
                    "deliveryAndPickup": {
                    "shipping": "Available",
                    "pickup": "Not specified"
                    },
                    "additionalFeatures": {
                    "installmentPlan": "Pay in 4 interest-free payments of $24.50 with Afterpay",
                    "specialOffer": "Excluded from promotion",
                    "sku": "2308-2240"
                    }
                },
                {
                    "productId": "4",
                    "name": "AE77 Premium Relaxed Striped Poplin Button-Up Shirt",
                    "rating": null,
                    "ratingsCount": null,
                    "price": 88.00,
                    "color": "Pink",
                    "brand": "AE77",
                    "category": "Clothing",
                    "type": "Shirt",
                    "theme": "Classic, Timeless",
                    "keyFeatures": [
                    "Crisp garment dyed poplin",
                    "Low-impact, sustainable wash for a naturally worn-in feel",
                    "Mother of Pearl button closure",
                    "Chest patch pocket",
                    "100% Cotton",
                    "Machine wash",
                    "Imported"
                    ],
                    "deliveryAndPickup": {
                    "shipping": "Available",
                    "pickup": "Not specified"
                    },
                    "additionalFeatures": {
                    "installmentPlan": "Pay in 4 interest-free payments of $22.00 with Afterpay",
                    "specialOffer": "Excluded from promotion",
                    "sku": "2308-2245"
                    }
                },
                {
                    "productId": "5",
                    "name": "AE77 Premium Denim Workshirt",
                    "rating": null,
                    "ratingsCount": null,
                    "price": 88.00,
                    "color": "Medium Wash",
                    "brand": "AE77",
                    "category": "Clothing",
                    "type": "Shirt",
                    "theme": "Classic, Workwear",
                    "keyFeatures": [
                    "Classic denim shirt with vintage stitch details",
                    "Cut in an organic cotton with Tencel for a lived-in feel",
                    "Sustainable, low-impact wash",
                    "Sustainable MOP button closure",
                    "88% Organic Cotton, 12% TENCEL™ Lyocell",
                    "Machine wash",
                    "Imported"
                    ],
                    "deliveryAndPickup": {
                    "shipping": "Available",
                    "pickup": "Not specified"
                    },
                    "additionalFeatures": {
                    "installmentPlan": "Pay in 4 interest-free payments of $22.00 with Afterpay",
                    "specialOffer": "Excluded from promotion",
                    "sku": "7453-3054"
                    }
                },
                {
                    "productId": "6",
                    "name": "AE Big Hug Henley Sweatshirt",
                    "rating": 4.8,
                    "ratingsCount": 149,
                    "price": 19.99,
                    "originalPrice": 59.95,
                    "savings": 39.96,
                    "color": "Blue Breeze",
                    "brand": "American Eagle",
                    "category": "Clothing",
                    "type": "Sweatshirt",
                    "theme": "Casual, Oversized",
                    "keyFeatures": [
                    "Ultra-soft & cozy fleece",
                    "Quarter-button henley mock neck",
                    "Long sleeves",
                    "All-over exposed seam detailing",
                    "Split hem",
                    "60% Cotton, 40% Recycled Polyester",
                    "Machine wash",
                    "Imported"
                    ],
                    "deliveryAndPickup": {
                    "shipping": "Available",
                    "pickup": "Not specified"
                    },
                    "additionalFeatures": {
                    "installmentPlan": "Pay in 4 interest-free payments of $5.00 with Afterpay",
                    "specialOffer": "67% Off Limited Time Sale",
                    "sku": "1455-2586"
                    }
                },
                {
                    "productId": "7",
                    "name": "AE Crochet Espadrille Slide Sandal",
                    "rating": null,
                    "ratingsCount": 0,
                    "price": 34.95,
                    "color": "Natural",
                    "brand": "American Eagle",
                    "category": "Shoes",
                    "type": "Sandals",
                    "theme": "Boho, Beachwear",
                    "keyFeatures": [
                    "Synthetic sole",
                    "Crochet footstraps",
                    "88% Cotton, 10% Polyester, 2% Other Fibers",
                    "Imported"
                    ],
                    "deliveryAndPickup": {
                    "shipping": "Available",
                    "pickup": "Not specified"
                    },
                    "additionalFeatures": {
                    "installmentPlan": "Not specified",
                    "specialOffer": "Not specified",
                    "sku": "1415-6766"
                    }
                },
                {
                    "productId": "8",
                    "name": "AE Long-Sleeve Smocked Babydoll Blouse",
                    "rating": 3.8,
                    "ratingsCount": 12,
                    "price": 34.96,
                    "originalPrice": 49.95,
                    "savings": 14.99,
                    "color": "Multi",
                    "brand": "American Eagle",
                    "category": "Clothing",
                    "type": "Blouse",
                    "theme": "Feminine, Vintage, Floral",
                    "keyFeatures": [
                        "Balloon sleeves",
                        "Smocked top with cinched bust",
                        "Flyaway babydoll midriff",
                        "Eyelet details",
                        "Made with the planet in mind - 'Real Good' sustainability initiative",
                        "100% Cotton",
                        "Machine washable",
                        "Imported"
                    ],
                    "deliveryAndPickup": {
                        "shipping": "Available",
                        "pickup": "Not specified"
                    },
                    "additionalFeatures": {
                        "installmentPlan": "Available for orders between $35 - $2000 with Afterpay",
                        "specialOffer": "321 added to bag in the last 24 hours",
                        "sku": "2351-6262"
                    }
                },
                {
                    "productId": "9",
                    "name": "AE Big Hug Notch Neck Waffle Sweatshirt",
                    "rating": 4.2,
                    "ratingsCount": 5,
                    "price": 49.95,
                    "originalPrice": null,
                    "savings": null,
                    "color": "Olive",
                    "brand": "American Eagle",
                    "category": "Clothing",
                    "type": "Sweatshirt",
                    "theme": "Casual, Oversized, Cozy",
                    "keyFeatures": [
                        "Waffle fabric with a comfy lived-in feel",
                        "Notch neck",
                        "Contrast collar & cuffs",
                        "All-over exposed seam detailing",
                        "Curved hem",
                        "Made with the planet in mind - 'Real Good' sustainability initiative",
                        "60% Cotton, 40% Recycled Polyester",
                        "Machine washable",
                        "Imported",
                        "Silhouette: Oversized",
                        "Length: Longer length",
                        "Sleeves: Long sleeves"
                    ],
                    "deliveryAndPickup": {
                        "shipping": "Available",
                        "pickup": "Not specified"
                    },
                    "additionalFeatures": {
                        "installmentPlan": "Pay in 4 interest-free installments of $12.49 with Afterpay",
                        "specialOffer": "New arrival",
                        "sku": "1457-2693"
                    }
                },
                {
                    "productId": "10",
                    "name": "AE Long-Sleeve Breezy Boho Blouse",
                    "rating": 4.4,
                    "ratingsCount": 9,
                    "price": 31.46,
                    "originalPrice": 44.95,
                    "savings": 13.49,
                    "color": "Green",
                    "brand": "American Eagle",
                    "category": "Clothing",
                    "type": "Blouse",
                    "theme": "Boho, Chic, Breezy",
                    "keyFeatures": [
                        "Crisp cotton fabric",
                        "Crew neck",
                        "Slight balloon sleeve",
                        "Pintuck details at chest",
                        "Made with the planet in mind - 'Real Good' sustainability initiative",
                        "100% Cotton",
                        "Machine washable",
                        "Imported",
                        "Silhouette: Classic fit",
                        "Length: Classic",
                        "Sleeves: Long sleeves"
                    ],
                    "deliveryAndPickup": {
                        "shipping": "Available",
                        "pickup": "Not specified"
                    },
                    "additionalFeatures": {
                        "installmentPlan": "Available for orders between $35 - $2000 with Afterpay",
                        "specialOffer": "30% Off Markdown",
                        "sku": "2351-6189"
                    }
                }   
                
            ]    
        },
        {
            "store": "icing",
            "products": [
                {
                    "productId": "1",
                    "name": "Celestial Mood Gold-Tone Ring",
                    "rating": 0.0,
                    "ratingsCount": 0,
                    "price": 9.99,
                    "originalPrice": null,
                    "savings": null,
                    "color": "Gold-tone",
                    "brand": "Unknown",
                    "category": "Jewelry",
                    "type": "Ring",
                    "theme": "Celestial, Mood Ring, Stylish",
                    "keyFeatures": [
                      "Gold-tone band",
                      "Celestial design featuring stars and moon",
                      "Changes colors based on body heat",
                      "Available in sizes: 6, 7, 8, 9",
                      "Made of metal"
                    ],
                    "deliveryAndPickup": {
                      "shipping": "Not specified",
                      "pickup": "Not specified"
                    },
                    "additionalFeatures": {
                      "installmentPlan": "4 interest-free payments of $2.49 with Klarna",
                      "specialOffer": "Buy 3 Get 3 Everything",
                      "sku": "PF09464"
                    }
                },
                {
                    "productId": "2",
                    "name": "Conch Shell Gold-Tone Multi-Strand Necklace",
                    "rating": 0.0,
                    "ratingsCount": 0,
                    "price": 4.24,
                    "originalPrice": 16.99,
                    "savings": 12.75,
                    "color": "Gold-tone",
                    "brand": "Unknown",
                    "category": "Jewelry",
                    "type": "Necklace",
                    "theme": "Beach, Boho, Summer",
                    "keyFeatures": [
                      "Gold-tone faux conch shell pendant",
                      "Multi-strand necklace with chain link and curb chain strands",
                      "Lobster clasp closure",
                      "Adjustable length: 16 - 18 inches with a 3-inch extender (40 - 46 cm + 7.62 cm extender)",
                      "Made of metal"
                    ],
                    "deliveryAndPickup": {
                      "shipping": "Available",
                      "pickup": "Not Available"
                    },
                    "additionalFeatures": {
                      "installmentPlan": "4 interest-free payments of $1.06 with Klarna",
                      "specialOffer": "Clearance",
                      "sku": "00705"
                    }
                },
                {
                    "productId": "3",
                    "name": "Gold-Tone Cubic Zirconia Multi-Strand Y-Neck Necklace",
                    "rating": 0.0,
                    "ratingsCount": 0,
                    "price": 14.99,
                    "originalPrice": null,
                    "savings": null,
                    "color": "Gold-tone",
                    "brand": "Icing",
                    "category": "Jewelry",
                    "type": "Necklace",
                    "theme": "Elegant, Sparkly, Special Occasion",
                    "keyFeatures": [
                      "Multi-strand necklace with a shorter chain and a Y-neck chain",
                      "Accented with pink cubic zirconia for a pop of color",
                      "Gold-tone finish",
                      "Lobster clasp closure",
                      "Adjustable length: 12 - 16 inches with a 3-inch extender (30.48 - 40.64 cm + 7.62 cm extender)",
                      "Made of cubic zirconia and metal"
                    ],
                    "deliveryAndPickup": {
                      "shipping": "Available",
                      "pickup": "Ready in 2-4 hrs"
                    },
                    "additionalFeatures": {
                      "installmentPlan": "4 interest-free payments of $3.74 with Klarna",
                      "specialOffer": "Buy 3 Get 3 Everything",
                      "sku": "35316"
                    }
                },
                {
                    "productId": "4",
                    "name": "Silver Cubic Zirconia 6MM Single Rhinestone Pendant Necklace",
                    "rating": 0.0,
                    "ratingsCount": 0,
                    "price": 12.99,
                    "originalPrice": null,
                    "savings": null,
                    "color": "Silver-tone",
                    "brand": "Icing",
                    "category": "Jewelry",
                    "type": "Necklace",
                    "theme": "Elegant, Minimalist, Sparkly",
                    "keyFeatures": [
                      "Single cubic zirconia pendant",
                      "Shiny silver-tone finish",
                      "Lobster clasp closure",
                      "6MM diameter cubic zirconia stone",
                      "Necklace length: 16 inches",
                      "Made of cubic zirconia and metal"
                    ],
                    "deliveryAndPickup": {
                      "shipping": "Available",
                      "pickup": "Ready in 2-4 hrs"
                    },
                    "additionalFeatures": {
                      "installmentPlan": "4 interest-free payments of $3.24 with Klarna",
                      "specialOffer": "Buy 3 Get 3 Everything",
                      "sku": "99474"
                    }
                },
                {
                    "productId": "5",
                    "name": "Sunburst Jelly Squareletto Vegan Faux Nail Set - 24 Pack",
                    "rating": 0.0,
                    "ratingsCount": 0,
                    "price": 10.00,
                    "originalPrice": 14.99,
                    "savings": 4.99,
                    "color": "Neutral/Gold",
                    "brand": "Icing",
                    "category": "Beauty",
                    "type": "Faux Nail Set",
                    "theme": "Celestial, Trendy, Witchy",
                    "keyFeatures": [
                      "Squareletto shape faux nails",
                      "24-pack set with celestial designs",
                      "Vegan and cruelty-free",
                      "Includes nail glue and applicator",
                      "Recommended for ages 18 and older",
                      "Made of durable plastic",
                      "Easy removal with acetone soak"
                    ],
                    "deliveryAndPickup": {
                      "shipping": "Available",
                      "pickup": "Not Available"
                    },
                    "additionalFeatures": {
                      "installmentPlan": "4 interest-free payments of $2.50 with Klarna",
                      "specialOffer": "Clearance Sale",
                      "sku": "80172"
                    }
                },
                {
                    "productId": "6",
                    "name": "White Daisy Coffin Vegan Faux Nail Set - 24 Pack",
                    "rating": 0.0,
                    "ratingsCount": 0,
                    "price": 3.24,
                    "originalPrice": 12.99,
                    "savings": 9.75,
                    "color": "Nude/White/Gold",
                    "brand": "Icing",
                    "category": "Beauty",
                    "type": "Faux Nail Set",
                    "theme": "Floral, Springtime, Trendy",
                    "keyFeatures": [
                      "Coffin shape faux nails",
                      "24-pack set with white daisy pattern",
                      "Vegan and cruelty-free",
                      "Includes nail glue and 24 assorted nails",
                      "Gold glitter accent in daisy center",
                      "Made of durable plastic",
                      "Recommended for ages 18 and older",
                      "Easy removal with acetone soak"
                    ],
                    "deliveryAndPickup": {
                      "shipping": "Available",
                      "pickup": "Not Available"
                    },
                    "additionalFeatures": {
                      "installmentPlan": "4 interest-free payments of $0.81 with Klarna",
                      "specialOffer": "Clearance Sale",
                      "sku": "39591"
                    }
                },
                {
                    "productId": "7",
                    "name": "Crocheted Succulent Plant Keychain",
                    "rating": 0.0,
                    "ratingsCount": 0,
                    "price": 7.49,
                    "originalPrice": 14.99,
                    "savings": 7.50,
                    "color": "Green/Brown",
                    "brand": "Icing",
                    "category": "Accessories",
                    "type": "Keychain",
                    "theme": "Succulent, Handmade, Trendy",
                    "keyFeatures": [
                      "Fun crocheted succulent plant design",
                      "Attached clip for easy hanging",
                      "Made of polyester and metal",
                      "Lightweight and durable",
                      "Perfect for bags, purses, and backpacks",
                      "Length: 6 in / 15.24 cm"
                    ],
                    "deliveryAndPickup": {
                      "shipping": "Available",
                      "pickup": "Not Available"
                    },
                    "additionalFeatures": {
                      "installmentPlan": "4 interest-free payments of $1.87 with Klarna",
                      "specialOffer": "Clearance Sale",
                      "sku": "55933"
                    }
                },
                {
                    "productId": "8",
                    "name": "White Pearl & Crystal Puffy Headband",
                    "rating": 0.0,
                    "ratingsCount": 0,
                    "price": 24.99,
                    "originalPrice": null,
                    "savings": null,
                    "color": "White",
                    "brand": "Icing",
                    "category": "Accessories",
                    "type": "Headband",
                    "theme": "Elegant, Chic, Embellished",
                    "keyFeatures": [
                      "Puff-style headband for a sophisticated look",
                      "Covered in faux pearls and clear faux crystal beads",
                      "Perfect for formal events, parties, or everyday glam",
                      "Made of polyester",
                      "Lightweight and comfortable fit"
                    ],
                    "deliveryAndPickup": {
                      "shipping": "Available",
                      "pickup": "Ready in 2-4 hrs"
                    },
                    "additionalFeatures": {
                      "installmentPlan": "4 interest-free payments of $6.24 with Klarna",
                      "specialOffer": "Buy 3 Get 3 Everything",
                      "sku": "98025"
                    }
                },
                {
                    "productId": "9",
                    "name": "Blue Rose Large Rectangular Hair Claw",
                    "rating": 0.0,
                    "ratingsCount": 0,
                    "price": 14.99,
                    "originalPrice": null,
                    "savings": null,
                    "color": "Blue",
                    "brand": "Icing",
                    "category": "Accessories",
                    "type": "Hair Claw",
                    "theme": "Floral, Feminine, Elegant",
                    "keyFeatures": [
                      "Large rectangular claw clip for secure hold",
                      "Beautiful blue rose floral pattern",
                      "Perfect for updos and half-up hairstyles",
                      "Made of durable acrylic material",
                      "Lightweight and comfortable for all-day wear"
                    ],
                    "deliveryAndPickup": {
                      "shipping": "Available",
                      "pickup": "Ready in 2-4 hrs"
                    },
                    "additionalFeatures": {
                      "installmentPlan": "4 interest-free payments of $3.74 with Klarna",
                      "specialOffer": "Buy 3 Get 3 Everything",
                      "sku": "85608"
                    }
                },
                {
                    "productId": "10",
                    "name": "Navy Blue Long Tail Hair Bow Clip",
                    "rating": 0.0,
                    "ratingsCount": 0,
                    "price": 14.99,
                    "originalPrice": null,
                    "savings": null,
                    "color": "Navy Blue",
                    "brand": "Icing",
                    "category": "Accessories",
                    "type": "Hair Bow Clip",
                    "theme": "Classic, Elegant, Chic",
                    "keyFeatures": [
                      "Large navy blue bow with long tails",
                      "Barrette clip closure for secure hold",
                      "Perfect for elegant and casual outfits",
                      "Made of soft polyester and durable metal",
                      "Lightweight and comfortable for all-day wear"
                    ],
                    "deliveryAndPickup": {
                      "shipping": "Available",
                      "pickup": "Ready in 2-4 hrs"
                    },
                    "additionalFeatures": {
                      "installmentPlan": "4 interest-free payments of $3.74 with Klarna",
                      "specialOffer": "Buy 3 Get 3 Everything",
                      "sku": "35527"
                    }
                }
                                                  
            ]    
        },
        {
            "store": "walmart",
            "products": [
                {
                    "productId": "1",
                    "name": "New Bright (1:14) Polaris RZR Battery Remote Control Red ATV car, 2.4GHz USB, 1475U-2R Child",
                    "rating": 4.2,
                    "ratingsCount": 737,
                    "price": 24.97,
                    "originalPrice": 29.99,
                    "savings": 5.02,
                    "color": "Red",
                    "brand": "New Bright",
                    "category": "Toys",
                    "type": "Remote Control Car",
                    "theme": "Off-Road, Racing",
                    "keyFeatures": [
                      "Full Function R/C",
                      "Left/Right Steering",
                      "Forward/Reverse Driving",
                      "2.4GHz Wireless Transmitter",
                      "Longer Range",
                      "Faster Response",
                      "Internal Antenna",
                      "Supports up to six vehicles simultaneously"
                    ],
                    "deliveryAndPickup": {
                      "shipping": "Available",
                      "pickup": "Available nearby"
                    },
                    "additionalFeatures": {
                      "freeReturns": "90-day returns",
                      "giftEligible": true
                    }
                },
                {
                    "productId": "2",
                    "name": "Marvel Spider-Man Thwip 13-Inch-Scale Action Figure, Super Hero Toy for Kids Ages 5 and Up",
                    "rating": 4.7,
                    "ratingsCount": 175,
                    "price": 7.00,
                    "originalPrice": 29.99,
                    "savings": 22.99,
                    "color": "Red",
                    "brand": "Spider-Man",
                    "category": "Toys",
                    "type": "Action Figure",
                    "theme": "Superhero, Marvel",
                    "keyFeatures": [
                      "Large-scale Spider-Man action figure",
                      "Includes 2 web projectiles and arm launcher accessory",
                      "Multiple points of articulation for posing"
                    ],
                    "deliveryAndPickup": {
                      "shipping": "Available",
                      "pickup": "Available nearby"
                    },
                    "additionalFeatures": {
                      "freeReturns": "90-day returns",
                      "giftEligible": true,
                      "moreSellerOptions": {
                        "startingPrice": 18.99
                      }
                    }
                },
                {
                    "productId": "3",
                    "name": "Hot Wheels Set of 8 Basic Toy Cars & Trucks in 1:64 Scale Including 1 Exclusive Car, Styles May Vary",
                    "rating": 4.8,
                    "ratingsCount": 1243,
                    "price": 8.88,
                    "originalPrice": 9.99,
                    "savings": 1.11,
                    "brand": "Hot Wheels",
                    "category": "Toys",
                    "type": "Car & Truck Play Vehicles",
                    "theme": "Collectible, Racing",
                    "keyFeatures": [
                      "Instant collection of 8 Hot Wheels",
                      "1:64 scale with authentic styling",
                      "Encourages creative storytelling"
                    ],
                    "deliveryAndPickup": {
                      "shipping": "Available",
                      "pickup": "Available nearby"
                    },
                    "additionalFeatures": {
                      "freeReturns": "90-day returns",
                      "giftEligible": true,
                      "moreSellerOptions": {
                        "startingPrice": 11.95
                      }
                    }
                },
                {
                    "productId": "4",
                    "name": "Hanmun Kids Karaoke Machine Microphone Musical Toys - Girls Pink Singing Karaoke Adjustable Stand Music Instruments Sound & Flashing Lights Toy",
                    "rating": 4.0,
                    "ratingsCount": 63,
                    "price": 30.99,
                    "brand": "Hanmun",
                    "category": "Toys",
                    "type": "Karaoke Machine",
                    "theme": "Musical, Party",
                    "keyFeatures": [
                      "Flashing lights with interactive features",
                      "Connects to MP3 players and phones",
                      "Great for parties and pretend play"
                    ],
                    "deliveryAndPickup": {
                      "shipping": "Available",
                      "pickup": "Not available"
                    },
                    "additionalFeatures": {
                      "freeReturns": "90-day returns",
                      "seller": "Hanmun",
                      "fulfilledBy": "Walmart",
                      "sellerReviews": 177
                    }
                },
                {
                    "productId": "5",
                    "name": "Seckton Upgrade Kids Camera with Cute Silicone Cover, Toy Cameras for Girls Age 3-10 Christmas Birthday Gifts - Purple",
                    "rating": 4.6,
                    "ratingsCount": 477,
                    "price": 24.99,
                    "originalPrice": 42.99,
                    "savings": 18.00,
                    "color": "Purple",
                    "brand": "Seckton",
                    "category": "Toys",
                    "type": "Digital Camera",
                    "theme": "Photography, Creative",
                    "keyFeatures": [
                      "8.0 Mega pixels and 1080P Video",
                      "Big head sticker shooting mode",
                      "Upgraded dual-camera configuration"
                    ],
                    "deliveryAndPickup": {
                      "shipping": "Available",
                      "pickup": "Not available"
                    },
                    "additionalFeatures": {
                      "freeReturns": "90-day returns",
                      "seller": "Seckton",
                      "fulfilledBy": "Walmart",
                      "sellerReviews": 217
                    }
                },
                {
                    "productId": "6",
                    "name": "Sendida Washable Kids Makeup Kit for Girls Toys with Cute Makeup Bag, Toy for Girls Age 3-10 Year Old (25PCS)",
                    "rating": 4.6,
                    "ratingsCount": 730,
                    "price": 25.99,
                    "originalPrice": 49.99,
                    "savings": 24.00,
                    "color": "Pink",
                    "brand": "Sendida",
                    "category": "Toys",
                    "type": "Makeup Kit",
                    "theme": "Beauty, Dress-Up",
                    "keyFeatures": [
                      "Non-toxic & washable real makeup kit",
                      "Soft and compatible with the skin",
                      "Includes 25 makeup items for kids"
                    ],
                    "deliveryAndPickup": {
                      "shipping": "Available",
                      "pickup": "Not available"
                    },
                    "additionalFeatures": {
                      "freeReturns": "90-day returns",
                      "seller": "Sendida",
                      "fulfilledBy": "Walmart",
                      "sellerReviews": 724
                    }
                },
                {
                    "productId": "7",
                    "name": "My Sweet Love Sweet Baby Doll Toy Set, 4 Pieces",
                    "rating": 4.8,
                    "ratingsCount": 1645,
                    "price": 10.97,
                    "colorOptions": ["DeepTan", "Light"],
                    "brand": "My Sweet Love",
                    "category": "Toys",
                    "type": "Doll",
                    "theme": "Nurturing, Imaginative Play",
                    "keyFeatures": [
                      "14-inch baby doll play set",
                      "Includes pacifier, bottle, and plush toy",
                      "Eyes open and close for realistic play"
                    ],
                    "deliveryAndPickup": {
                      "shipping": "Available",
                      "pickup": "Available nearby"
                    },
                    "additionalFeatures": {
                      "freeReturns": "90-day returns",
                      "giftEligible": true
                    }
                },
                {
                    "productId": "8",
                    "name": "Wonder Nation Girls Hearts and Rainbows Hair Clip Set, 6-Piece, Multi",
                    "rating": 4.9,
                    "ratingsCount": 23,
                    "price": 2.98,
                    "color": "Multi",
                    "brand": "Wonder Nation",
                    "category": "Accessories",
                    "type": "Hair Clips",
                    "theme": "Hearts, Rainbows",
                    "keyFeatures": [
                      "Set of 6 decorative hair clips",
                      "Heart and rainbow designs",
                      "Spot clean material"
                    ],
                    "deliveryAndPickup": {
                      "shipping": "Available",
                      "pickup": "Available nearby"
                    },
                    "additionalFeatures": {
                      "freeReturns": "90-day returns",
                      "giftEligible": true
                    }
                },
                {
                    "productId": "9",
                    "name": "Wonder Nation Kids Purple Butterfly Jewelry Gift Set Multipack, 8 Pack",
                    "rating": 5.0,
                    "ratingsCount": 7,
                    "price": 4.99,
                    "originalPrice": 12.72,
                    "savings": 7.93,
                    "color": "Purple",
                    "brand": "Wonder Nation",
                    "category": "Accessories",
                    "type": "Jewelry Set",
                    "theme": "Butterfly, Fun, Colorful",
                    "keyFeatures": [
                      "Stretch bracelets",
                      "Eight-piece set",
                      "Includes necklaces, bracelets, and earrings",
                      "Nickel metal type",
                      "No gemstone"
                    ],
                    "deliveryAndPickup": {
                      "shipping": "Available",
                      "pickup": "Available today from Sacramento Supercenter, Aisle C31",
                      "delivery": "Available today"
                    },
                    "additionalFeatures": {
                      "freeReturns": "90-day returns",
                      "giftEligible": true,
                      "seller": "Walmart.com",
                      "fulfilledBy": "Walmart"
                    }
                },
                {
                    "productId": "10",
                    "name": "10PCS Bow Hair Clips for Women Girls, Tassel Hair Ribbon Ponytail Holder Accessories, Cute Metal Alligator Clips Barrettes Toddlers Kids Bows for Birthday Valentine's Day Gifts",
                    "rating": 5.0,
                    "ratingsCount": 1,
                    "price": 7.43,
                    "color": "Pink",
                    "brand": "Mordely",
                    "category": "Accessories",
                    "type": "Hair Clips",
                    "theme": "Elegant, Fashionable, Versatile",
                    "keyFeatures": [
                      "Set of 10 different colors",
                      "Suitable for all hair types: long, short, curly, and straight",
                      "Keeps hair securely in place with metal alligator clip",
                      "Handmade with tassel and ribbon details"
                    ],
                    "deliveryAndPickup": {
                      "shipping": "Available (arrives Jan 7, free shipping)",
                      "pickup": "Not available",
                      "delivery": "Not available"
                    },
                    "additionalFeatures": {
                      "freeReturns": "Extended holiday returns until Jan 31",
                      "seller": "jinansongzhiyuanshangmao",
                      "sellerReviews": 11,
                      "fulfilledBy": "Walmart"
                    }
                }
            ]    
        }
    ] 
}
